,date,longitude,latitude,Sentiment,Comment_b
0,2009-12-23-01,-71.5653,43.4108,1,True
1,2009-12-26-01,-74.9384,42.1497,1,True
2,2010-01-09-01,-97.6475,31.105999999999998,0,True
3,2010-01-09-01,-78.2057,37.768,0,True
4,2010-01-10-01,-82.7755,40.3736,1,True
5,2010-01-10-01,-74.9384,42.1497,1,True
6,2010-01-10-01,-74.5089,40.314,1,True
7,2010-04-22-01,-119.7462,36.17,1,True
8,2010-05-05-01,-77.0262,38.8964,1,True
9,2010-11-10-01,-69.3977,44.6074,1,True
10,2010-12-31-01,-74.9384,42.1497,0,True
11,2011-06-19-01,-119.7462,36.17,1,True
12,2011-06-29-01,-76.7902,39.0724,1,True
13,2011-07-08-01,-82.7755,40.3736,1,True
14,2011-07-10-01,-71.5653,43.4108,1,True
15,2011-09-09-01,-81.717,27.8333,0,True
16,2011-09-23-01,-119.7462,36.17,1,True
17,2011-11-23-01,-76.7902,39.0724,0,True
18,2012-03-21-01,-74.9384,42.1497,0,True
19,2012-04-12-01,-119.7462,36.17,0,True
20,2012-04-12-01,-74.9384,42.1497,1,True
21,2012-08-01-01,-119.7462,36.17,1,True
22,2012-08-01-01,-76.7902,39.0724,1,True
23,2012-08-01-01,-74.5089,40.314,1,True
24,2012-08-01-01,-74.5089,40.314,1,True
25,2012-08-02-01,-117.1219,38.4199,1,True
26,2013-03-16-01,-74.9384,42.1497,0,True
27,2013-03-17-01,-74.9384,42.1497,0,True
28,2013-03-17-01,-74.9384,42.1497,1,True
29,2013-03-17-01,-71.5314,42.2373,1,True
30,2013-03-21-01,-122.1269,44.5672,1,True
31,2013-03-21-01,-119.7462,36.17,0,True
32,2013-03-21-01,-119.7462,36.17,0,True
33,2013-03-21-01,-119.7462,36.17,0,True
34,2013-03-21-01,-119.7462,36.17,1,True
35,2013-03-21-01,-119.7462,36.17,1,True
36,2013-03-21-01,-119.7462,36.17,1,True
37,2013-03-21-01,-119.7462,36.17,1,True
38,2013-03-21-01,-119.7462,36.17,1,True
39,2013-03-21-01,-119.7462,36.17,1,True
40,2013-03-21-01,-119.7462,36.17,1,True
41,2013-03-21-01,-119.7462,36.17,1,True
42,2013-03-21-01,-117.1219,38.4199,0,True
43,2013-03-21-01,-117.1219,38.4199,1,True
44,2013-03-21-01,-114.5103,44.2394,1,True
45,2013-03-21-01,-111.8535,40.1135,1,True
46,2013-03-21-01,-111.3877,33.7712,0,True
47,2013-03-21-01,-111.3877,33.7712,1,True
48,2013-03-21-01,-105.3272,39.0646,0,True
49,2013-03-21-01,-105.3272,39.0646,0,True
50,2013-03-21-01,-105.3272,39.0646,0,True
51,2013-03-21-01,-105.3272,39.0646,0,True
52,2013-03-21-01,-105.3272,39.0646,0,True
53,2013-03-21-01,-105.3272,39.0646,1,True
54,2013-03-21-01,-97.6475,31.105999999999998,0,True
55,2013-03-21-01,-97.6475,31.105999999999998,1,True
56,2013-03-21-01,-97.6475,31.105999999999998,1,True
57,2013-03-21-01,-97.6475,31.105999999999998,1,True
58,2013-03-21-01,-97.6475,31.105999999999998,1,True
59,2013-03-21-01,-97.6475,31.105999999999998,1,True
60,2013-03-21-01,-97.6475,31.105999999999998,1,True
61,2013-03-21-01,-97.6475,31.105999999999998,1,True
62,2013-03-21-01,-93.9196,45.7326,0,True
63,2013-03-21-01,-93.9196,45.7326,1,True
64,2013-03-21-01,-93.9196,45.7326,1,True
65,2013-03-21-01,-93.9196,45.7326,1,True
66,2013-03-21-01,-93.9196,45.7326,1,True
67,2013-03-21-01,-93.9196,45.7326,1,True
68,2013-03-21-01,-92.302,38.4623,0,True
69,2013-03-21-01,-92.302,38.4623,1,True
70,2013-03-21-01,-92.302,38.4623,1,True
71,2013-03-21-01,-92.302,38.4623,1,True
72,2013-03-21-01,-91.8749,31.1801,0,True
73,2013-03-21-01,-91.8749,31.1801,1,True
74,2013-03-21-01,-89.6385,44.2563,1,True
75,2013-03-21-01,-89.6385,44.2563,1,True
76,2013-03-21-01,-89.6385,44.2563,1,True
77,2013-03-21-01,-89.0022,40.3363,0,True
78,2013-03-21-01,-89.0022,40.3363,0,True
79,2013-03-21-01,-89.0022,40.3363,1,True
80,2013-03-21-01,-89.0022,40.3363,1,True
81,2013-03-21-01,-89.0022,40.3363,1,True
82,2013-03-21-01,-89.0022,40.3363,1,True
83,2013-03-21-01,-89.0022,40.3363,1,True
84,2013-03-21-01,-86.8073,32.799,0,True
85,2013-03-21-01,-86.7489,35.7449,0,True
86,2013-03-21-01,-86.7489,35.7449,1,True
87,2013-03-21-01,-86.2604,39.8647,0,True
88,2013-03-21-01,-86.2604,39.8647,0,True
89,2013-03-21-01,-84.5603,43.3504,1,True
90,2013-03-21-01,-84.5603,43.3504,1,True
91,2013-03-21-01,-84.5603,43.3504,1,True
92,2013-03-21-01,-84.5603,43.3504,1,True
93,2013-03-21-01,-84.5603,43.3504,1,True
94,2013-03-21-01,-83.6487,32.9866,0,True
95,2013-03-21-01,-83.6487,32.9866,0,True
96,2013-03-21-01,-83.6487,32.9866,1,True
97,2013-03-21-01,-83.6487,32.9866,1,True
98,2013-03-21-01,-82.7755,40.3736,1,True
99,2013-03-21-01,-81.717,27.8333,0,True
100,2013-03-21-01,-81.717,27.8333,1,True
101,2013-03-21-01,-81.717,27.8333,1,True
102,2013-03-21-01,-81.717,27.8333,1,True
103,2013-03-21-01,-81.717,27.8333,1,True
104,2013-03-21-01,-80.9066,33.8191,1,True
105,2013-03-21-01,-79.8431,35.6411,1,True
106,2013-03-21-01,-78.2057,37.768,1,True
107,2013-03-21-01,-78.2057,37.768,1,True
108,2013-03-21-01,-78.2057,37.768,1,True
109,2013-03-21-01,-78.2057,37.768,1,True
110,2013-03-21-01,-77.264,40.5773,0,True
111,2013-03-21-01,-77.264,40.5773,0,True
112,2013-03-21-01,-77.264,40.5773,0,True
113,2013-03-21-01,-77.264,40.5773,1,True
114,2013-03-21-01,-77.264,40.5773,1,True
115,2013-03-21-01,-77.264,40.5773,1,True
116,2013-03-21-01,-77.264,40.5773,1,True
117,2013-03-21-01,-77.264,40.5773,1,True
118,2013-03-21-01,-77.264,40.5773,1,True
119,2013-03-21-01,-77.264,40.5773,1,True
120,2013-03-21-01,-77.0262,38.8964,0,True
121,2013-03-21-01,-77.0262,38.8964,0,True
122,2013-03-21-01,-77.0262,38.8964,0,True
123,2013-03-21-01,-77.0262,38.8964,0,True
124,2013-03-21-01,-77.0262,38.8964,0,True
125,2013-03-21-01,-77.0262,38.8964,1,True
126,2013-03-21-01,-77.0262,38.8964,1,True
127,2013-03-21-01,-77.0262,38.8964,1,True
128,2013-03-21-01,-77.0262,38.8964,1,True
129,2013-03-21-01,-76.7902,39.0724,0,True
130,2013-03-21-01,-76.7902,39.0724,0,True
131,2013-03-21-01,-76.7902,39.0724,0,True
132,2013-03-21-01,-76.7902,39.0724,0,True
133,2013-03-21-01,-76.7902,39.0724,1,True
134,2013-03-21-01,-76.7902,39.0724,1,True
135,2013-03-21-01,-76.7902,39.0724,1,True
136,2013-03-21-01,-76.7902,39.0724,1,True
137,2013-03-21-01,-75.5148,39.3498,1,True
138,2013-03-21-01,-74.9384,42.1497,0,True
139,2013-03-21-01,-74.9384,42.1497,0,True
140,2013-03-21-01,-74.9384,42.1497,0,True
141,2013-03-21-01,-74.9384,42.1497,0,True
142,2013-03-21-01,-74.9384,42.1497,0,True
143,2013-03-21-01,-74.9384,42.1497,0,True
144,2013-03-21-01,-74.9384,42.1497,0,True
145,2013-03-21-01,-74.9384,42.1497,0,True
146,2013-03-21-01,-74.9384,42.1497,0,True
147,2013-03-21-01,-74.9384,42.1497,1,True
148,2013-03-21-01,-74.9384,42.1497,1,True
149,2013-03-21-01,-74.9384,42.1497,1,True
150,2013-03-21-01,-74.9384,42.1497,1,True
151,2013-03-21-01,-74.9384,42.1497,1,True
152,2013-03-21-01,-74.9384,42.1497,1,True
153,2013-03-21-01,-74.9384,42.1497,1,True
154,2013-03-21-01,-74.9384,42.1497,1,True
155,2013-03-21-01,-74.9384,42.1497,1,True
156,2013-03-21-01,-74.9384,42.1497,1,True
157,2013-03-21-01,-74.9384,42.1497,1,True
158,2013-03-21-01,-74.9384,42.1497,1,True
159,2013-03-21-01,-74.9384,42.1497,1,True
160,2013-03-21-01,-74.9384,42.1497,1,True
161,2013-03-21-01,-74.9384,42.1497,1,True
162,2013-03-21-01,-74.9384,42.1497,1,True
163,2013-03-21-01,-74.9384,42.1497,1,True
164,2013-03-21-01,-74.5089,40.314,0,True
165,2013-03-21-01,-74.5089,40.314,0,True
166,2013-03-21-01,-74.5089,40.314,1,True
167,2013-03-21-01,-74.5089,40.314,1,True
168,2013-03-21-01,-74.5089,40.314,1,True
169,2013-03-21-01,-74.5089,40.314,1,True
170,2013-03-21-01,-74.5089,40.314,1,True
171,2013-03-21-01,-74.5089,40.314,1,True
172,2013-03-21-01,-74.5089,40.314,1,True
173,2013-03-21-01,-74.5089,40.314,1,True
174,2013-03-21-01,-72.7622,41.5834,0,True
175,2013-03-21-01,-72.7622,41.5834,0,True
176,2013-03-21-01,-72.7622,41.5834,1,True
177,2013-03-21-01,-72.7622,41.5834,1,True
178,2013-03-21-01,-72.7622,41.5834,1,True
179,2013-03-21-01,-72.7622,41.5834,1,True
180,2013-03-21-01,-72.7622,41.5834,1,True
181,2013-03-21-01,-72.7093,44.0407,1,True
182,2013-03-21-01,-71.5653,43.4108,0,True
183,2013-03-21-01,-71.5314,42.2373,0,True
184,2013-03-21-01,-71.5314,42.2373,0,True
185,2013-03-21-01,-71.5314,42.2373,0,True
186,2013-03-21-01,-71.5314,42.2373,0,True
187,2013-03-21-01,-71.5314,42.2373,0,True
188,2013-03-21-01,-71.5314,42.2373,0,True
189,2013-03-21-01,-71.5314,42.2373,1,True
190,2013-03-21-01,-71.5314,42.2373,1,True
191,2013-03-21-01,-71.5101,41.6772,0,True
192,2013-03-21-01,-71.5101,41.6772,0,True
193,2013-03-21-01,-71.5101,41.6772,1,True
194,2013-03-21-01,-69.3977,44.6074,0,True
195,2013-03-21-01,-69.3977,44.6074,0,True
196,2013-03-21-01,-69.3977,44.6074,1,True
197,2013-03-21-01,-69.3977,44.6074,1,True
198,2013-04-03-01,-119.7462,36.17,1,True
199,2013-04-03-01,-81.717,27.8333,0,True
200,2013-04-03-01,-81.717,27.8333,1,True
201,2013-04-03-01,-72.7622,41.5834,1,True
202,2013-04-03-01,-71.5314,42.2373,0,True
203,2013-04-04-01,-122.1269,44.5672,0,True
204,2013-04-04-01,-119.7462,36.17,0,True
205,2013-04-04-01,-119.7462,36.17,0,True
206,2013-04-04-01,-119.7462,36.17,1,True
207,2013-04-04-01,-111.3877,33.7712,0,True
208,2013-04-04-01,-106.2371,34.8375,0,True
209,2013-04-04-01,-105.3272,39.0646,1,True
210,2013-04-04-01,-97.6475,31.105999999999998,1,True
211,2013-04-04-01,-93.9196,45.7326,1,True
212,2013-04-04-01,-92.302,38.4623,0,True
213,2013-04-04-01,-89.6385,44.2563,1,True
214,2013-04-04-01,-89.0022,40.3363,1,True
215,2013-04-04-01,-82.7755,40.3736,1,True
216,2013-04-04-01,-81.717,27.8333,1,True
217,2013-04-04-01,-81.717,27.8333,1,True
218,2013-04-04-01,-79.8431,35.6411,1,True
219,2013-04-04-01,-79.8431,35.6411,1,True
220,2013-04-04-01,-78.2057,37.768,0,True
221,2013-04-04-01,-77.0262,38.8964,0,True
222,2013-04-04-01,-77.0262,38.8964,1,True
223,2013-04-04-01,-76.7902,39.0724,1,True
224,2013-04-04-01,-76.7902,39.0724,1,True
225,2013-04-04-01,-74.9384,42.1497,0,True
226,2013-04-04-01,-74.9384,42.1497,0,True
227,2013-04-04-01,-74.9384,42.1497,0,True
228,2013-04-04-01,-74.9384,42.1497,0,True
229,2013-04-04-01,-74.9384,42.1497,1,True
230,2013-04-04-01,-74.9384,42.1497,1,True
231,2013-04-04-01,-74.5089,40.314,1,True
232,2013-04-04-01,-72.7622,41.5834,0,True
233,2013-04-04-01,-72.7622,41.5834,1,True
234,2013-04-04-01,-71.5314,42.2373,0,True
235,2013-04-04-01,-71.5314,42.2373,1,True
236,2013-04-04-01,-71.5101,41.6772,1,True
237,2013-04-04-01,-69.3977,44.6074,0,True
238,2013-04-04-01,-69.3977,44.6074,1,True
239,2013-05-22-01,-119.7462,36.17,0,True
240,2013-05-22-01,-83.6487,32.9866,1,True
241,2013-05-23-01,-119.7462,36.17,1,True
242,2013-05-23-01,-106.2371,34.8375,1,True
243,2013-05-23-01,-82.7755,40.3736,1,True
244,2013-05-23-01,-81.717,27.8333,0,True
245,2013-05-23-01,-80.9066,33.8191,1,True
246,2013-05-23-01,-78.2057,37.768,1,True
247,2013-05-23-01,-74.9384,42.1497,0,True
248,2013-05-23-01,-74.9384,42.1497,0,True
249,2013-05-23-01,-74.9384,42.1497,0,True
250,2013-05-23-01,-74.9384,42.1497,1,True
251,2013-05-23-01,-74.5089,40.314,1,True
252,2013-10-16-01,-76.7902,39.0724,1,True
253,2013-10-17-01,-74.9384,42.1497,0,True
254,2014-06-20-01,-119.7462,36.17,0,True
255,2014-06-20-01,-74.9384,42.1497,0,True
256,2014-07-12-01,-105.3272,39.0646,0,True
257,2014-07-12-01,-74.9384,42.1497,1,True
258,2014-09-29-01,-119.7462,36.17,1,True
259,2014-09-29-01,-84.5603,43.3504,1,True
260,2014-09-29-01,-83.6487,32.9866,0,True
261,2014-09-29-01,-77.264,40.5773,1,True
262,2014-11-09-01,-89.6812,32.7673,1,True
263,2014-11-13-01,-74.9384,42.1497,0,True
264,2014-11-15-01,-81.717,27.8333,1,True
265,2014-11-16-01,-122.1269,44.5672,1,True
266,2014-11-16-01,-119.7462,36.17,1,True
267,2015-01-14-01,-106.2371,34.8375,0,True
268,2015-01-14-01,-80.9066,33.8191,0,True
269,2015-01-14-01,-78.2057,37.768,0,True
270,2015-01-15-01,-89.0022,40.3363,0,True
271,2015-01-15-01,-84.5603,43.3504,0,True
272,2015-01-15-01,-83.6487,32.9866,1,True
273,2015-01-15-01,-74.9384,42.1497,0,True
274,2015-01-15-01,-71.5314,42.2373,0,True
275,2015-01-27-01,-119.7462,36.17,1,True
276,2015-01-28-01,-82.7755,40.3736,1,True
277,2015-02-08-01,-81.717,27.8333,1,True
278,2015-03-03-01,-74.9384,42.1497,0,True
279,2015-03-04-01,-122.1269,44.5672,1,True
280,2015-03-04-01,-97.6475,31.105999999999998,0,True
281,2015-03-04-01,-89.0022,40.3363,1,True
282,2015-03-04-01,-81.717,27.8333,0,True
283,2015-03-04-01,-81.717,27.8333,1,True
284,2015-03-04-01,-80.9066,33.8191,0,True
285,2015-03-04-01,-72.7622,41.5834,1,True
286,2015-03-05-01,-122.1269,44.5672,0,True
287,2015-03-05-01,-119.7462,36.17,0,True
288,2015-03-05-01,-97.6475,31.105999999999998,1,True
289,2015-03-05-01,-89.6385,44.2563,0,True
290,2015-03-05-01,-81.717,27.8333,0,True
291,2015-03-05-01,-81.717,27.8333,1,True
292,2015-03-05-01,-79.8431,35.6411,1,True
293,2015-03-05-01,-77.264,40.5773,0,True
294,2015-03-05-01,-76.7902,39.0724,0,True
295,2015-03-17-01,-111.3877,33.7712,1,True
296,2015-03-17-01,-78.2057,37.768,1,True
297,2015-03-17-01,-74.9384,42.1497,1,True
298,2015-03-17-01,-71.5314,42.2373,1,True
299,2015-03-18-01,-122.1269,44.5672,1,True
300,2015-03-18-01,-121.5708,47.3917,1,True
301,2015-03-18-01,-121.5708,47.3917,1,True
302,2015-03-18-01,-119.7462,36.17,1,True
303,2015-03-18-01,-119.7462,36.17,1,True
304,2015-03-18-01,-119.7462,36.17,1,True
305,2015-03-18-01,-119.7462,36.17,1,True
306,2015-03-18-01,-117.1219,38.4199,0,True
307,2015-03-18-01,-117.1219,38.4199,0,True
308,2015-03-18-01,-111.8535,40.1135,1,True
309,2015-03-18-01,-106.2371,34.8375,0,True
310,2015-03-18-01,-97.6475,31.105999999999998,0,True
311,2015-03-18-01,-97.6475,31.105999999999998,1,True
312,2015-03-18-01,-97.6475,31.105999999999998,1,True
313,2015-03-18-01,-93.9196,45.7326,1,True
314,2015-03-18-01,-93.9196,45.7326,1,True
315,2015-03-18-01,-92.302,38.4623,0,True
316,2015-03-18-01,-86.7489,35.7449,1,True
317,2015-03-18-01,-86.7489,35.7449,1,True
318,2015-03-18-01,-84.5603,43.3504,0,True
319,2015-03-18-01,-84.5603,43.3504,0,True
320,2015-03-18-01,-83.6487,32.9866,1,True
321,2015-03-18-01,-83.6487,32.9866,1,True
322,2015-03-18-01,-82.7755,40.3736,0,True
323,2015-03-18-01,-82.7755,40.3736,1,True
324,2015-03-18-01,-82.7755,40.3736,1,True
325,2015-03-18-01,-82.7755,40.3736,1,True
326,2015-03-18-01,-81.717,27.8333,0,True
327,2015-03-18-01,-81.717,27.8333,1,True
328,2015-03-18-01,-81.717,27.8333,1,True
329,2015-03-18-01,-80.9066,33.8191,0,True
330,2015-03-18-01,-78.2057,37.768,0,True
331,2015-03-18-01,-76.7902,39.0724,1,True
332,2015-03-18-01,-76.7902,39.0724,1,True
333,2015-03-18-01,-76.7902,39.0724,1,True
334,2015-03-18-01,-74.9384,42.1497,0,True
335,2015-03-18-01,-74.9384,42.1497,0,True
336,2015-03-18-01,-74.9384,42.1497,0,True
337,2015-03-18-01,-74.9384,42.1497,0,True
338,2015-03-18-01,-74.9384,42.1497,0,True
339,2015-03-18-01,-74.9384,42.1497,1,True
340,2015-03-18-01,-74.9384,42.1497,1,True
341,2015-03-18-01,-74.9384,42.1497,1,True
342,2015-03-18-01,-74.9384,42.1497,1,True
343,2015-03-18-01,-74.9384,42.1497,1,True
344,2015-03-18-01,-74.9384,42.1497,1,True
345,2015-03-18-01,-74.9384,42.1497,1,True
346,2015-03-18-01,-74.9384,42.1497,1,True
347,2015-03-18-01,-74.9384,42.1497,1,True
348,2015-03-18-01,-74.9384,42.1497,1,True
349,2015-03-18-01,-74.9384,42.1497,1,True
350,2015-03-18-01,-74.5089,40.314,0,True
351,2015-03-18-01,-74.5089,40.314,1,True
352,2015-03-18-01,-74.5089,40.314,1,True
353,2015-03-18-01,-74.5089,40.314,1,True
354,2015-03-18-01,-72.7622,41.5834,1,True
355,2015-03-18-01,-72.7093,44.0407,1,True
356,2015-03-18-01,-71.5314,42.2373,1,True
357,2015-03-18-01,-71.5314,42.2373,1,True
358,2015-03-18-01,-71.5101,41.6772,0,True
359,2015-03-18-01,-71.5101,41.6772,1,True
360,2015-03-18-01,-71.5101,41.6772,1,True
361,2015-03-18-01,-69.3977,44.6074,0,True
362,2015-03-19-01,-78.2057,37.768,0,True
363,2015-03-20-01,-83.6487,32.9866,1,True
364,2015-03-20-01,-79.8431,35.6411,1,True
365,2015-03-20-01,-78.2057,37.768,0,True
366,2015-03-20-01,-74.9384,42.1497,1,True
367,2015-03-21-01,-119.7462,36.17,1,True
368,2015-03-21-01,-97.6475,31.105999999999998,1,True
369,2015-03-21-01,-93.9196,45.7326,1,True
370,2015-03-21-01,-76.7902,39.0724,0,True
371,2015-03-21-01,-74.5089,40.314,1,True
372,2015-03-21-01,-74.5089,40.314,1,True
373,2015-03-21-01,-72.7093,44.0407,0,True
374,2015-03-21-01,-69.3977,44.6074,1,True
375,2015-03-22-01,-121.5708,47.3917,1,True
376,2015-03-22-01,-119.7462,36.17,0,True
377,2015-03-22-01,-119.7462,36.17,1,True
378,2015-03-22-01,-119.7462,36.17,1,True
379,2015-03-22-01,-110.3261,46.9048,1,True
380,2015-03-22-01,-97.6475,31.105999999999998,1,True
381,2015-03-22-01,-97.6475,31.105999999999998,1,True
382,2015-03-22-01,-93.9196,45.7326,0,True
383,2015-03-22-01,-92.302,38.4623,1,True
384,2015-03-22-01,-89.0022,40.3363,0,True
385,2015-03-22-01,-84.6514,37.669000000000004,1,True
386,2015-03-22-01,-81.717,27.8333,0,True
387,2015-03-22-01,-81.717,27.8333,1,True
388,2015-03-22-01,-80.9066,33.8191,1,True
389,2015-03-22-01,-79.8431,35.6411,1,True
390,2015-03-22-01,-78.2057,37.768,0,True
391,2015-03-22-01,-76.7902,39.0724,1,True
392,2015-03-22-01,-74.9384,42.1497,0,True
393,2015-03-22-01,-74.9384,42.1497,0,True
394,2015-03-22-01,-74.9384,42.1497,1,True
395,2015-03-22-01,-74.9384,42.1497,1,True
396,2015-03-22-01,-74.5089,40.314,0,True
397,2015-03-22-01,-74.5089,40.314,1,True
398,2015-03-22-01,-74.5089,40.314,1,True
399,2015-03-22-01,-72.7093,44.0407,1,True
400,2015-03-22-01,-71.5653,43.4108,1,True
401,2015-03-22-01,-71.5314,42.2373,0,True
402,2015-03-22-01,-71.5314,42.2373,1,True
403,2015-03-22-01,-71.5101,41.6772,1,True
404,2015-03-25-01,-105.3272,39.0646,1,True
405,2015-04-09-01,-105.3272,39.0646,1,True
406,2015-04-09-01,-74.9384,42.1497,0,True
407,2015-04-09-01,-74.9384,42.1497,1,True
408,2015-04-16-01,-119.7462,36.17,0,True
409,2015-04-16-01,-119.7462,36.17,1,True
410,2015-04-16-01,-89.0022,40.3363,0,True
411,2015-04-16-01,-82.7755,40.3736,1,True
412,2015-04-16-01,-77.264,40.5773,1,True
413,2015-04-16-01,-74.9384,42.1497,1,True
414,2015-04-16-01,-71.5314,42.2373,0,True
415,2015-04-16-01,-71.5314,42.2373,1,True
416,2015-04-27-01,-79.8431,35.6411,1,True
417,2015-04-29-01,-121.5708,47.3917,1,True
418,2015-04-29-01,-78.2057,37.768,1,True
419,2015-04-29-01,-76.7902,39.0724,1,True
420,2015-04-30-01,-157.5311,21.1098,1,True
421,2015-04-30-01,-83.6487,32.9866,1,True
422,2015-05-02-01,-74.9384,42.1497,1,True
423,2015-05-04-01,-119.7462,36.17,0,True
424,2015-05-04-01,-119.7462,36.17,0,True
425,2015-05-04-01,-119.7462,36.17,0,True
426,2015-05-04-01,-119.7462,36.17,1,True
427,2015-05-04-01,-111.3877,33.7712,0,True
428,2015-05-04-01,-111.3877,33.7712,1,True
429,2015-05-04-01,-107.2085,42.7475,1,True
430,2015-05-04-01,-105.3272,39.0646,0,True
431,2015-05-04-01,-97.6475,31.105999999999998,1,True
432,2015-05-04-01,-89.0022,40.3363,1,True
433,2015-05-04-01,-83.6487,32.9866,0,True
434,2015-05-04-01,-82.7755,40.3736,0,True
435,2015-05-04-01,-82.7755,40.3736,1,True
436,2015-05-04-01,-81.717,27.8333,0,True
437,2015-05-04-01,-78.2057,37.768,1,True
438,2015-05-04-01,-74.9384,42.1497,0,True
439,2015-05-04-01,-74.9384,42.1497,0,True
440,2015-05-04-01,-74.9384,42.1497,0,True
441,2015-05-04-01,-74.9384,42.1497,0,True
442,2015-05-04-01,-74.9384,42.1497,0,True
443,2015-05-04-01,-74.9384,42.1497,0,True
444,2015-05-04-01,-74.9384,42.1497,1,True
445,2015-05-04-01,-74.9384,42.1497,1,True
446,2015-05-04-01,-74.9384,42.1497,1,True
447,2015-05-04-01,-74.5089,40.314,0,True
448,2015-05-04-01,-71.5653,43.4108,1,True
449,2015-05-04-01,-71.5314,42.2373,1,True
450,2015-05-04-01,-69.3977,44.6074,1,True
451,2015-05-05-01,-119.7462,36.17,0,True
452,2015-05-05-01,-83.6487,32.9866,0,True
453,2015-05-05-01,-74.9384,42.1497,1,True
454,2015-05-05-01,-74.5089,40.314,1,True
455,2015-05-07-01,-122.1269,44.5672,1,True
456,2015-05-07-01,-121.5708,47.3917,0,True
457,2015-05-07-01,-121.5708,47.3917,1,True
458,2015-05-07-01,-119.7462,36.17,0,True
459,2015-05-07-01,-119.7462,36.17,0,True
460,2015-05-07-01,-119.7462,36.17,1,True
461,2015-05-07-01,-119.7462,36.17,1,True
462,2015-05-07-01,-119.7462,36.17,1,True
463,2015-05-07-01,-117.1219,38.4199,1,True
464,2015-05-07-01,-105.3272,39.0646,0,True
465,2015-05-07-01,-97.6475,31.105999999999998,0,True
466,2015-05-07-01,-97.6475,31.105999999999998,1,True
467,2015-05-07-01,-96.9247,35.5376,0,True
468,2015-05-07-01,-93.9196,45.7326,0,True
469,2015-05-07-01,-93.214,42.0046,0,True
470,2015-05-07-01,-93.214,42.0046,0,True
471,2015-05-07-01,-93.214,42.0046,1,True
472,2015-05-07-01,-89.0022,40.3363,0,True
473,2015-05-07-01,-84.5603,43.3504,0,True
474,2015-05-07-01,-83.6487,32.9866,0,True
475,2015-05-07-01,-83.6487,32.9866,1,True
476,2015-05-07-01,-82.7755,40.3736,1,True
477,2015-05-07-01,-81.717,27.8333,1,True
478,2015-05-07-01,-80.9066,33.8191,1,True
479,2015-05-07-01,-78.2057,37.768,1,True
480,2015-05-07-01,-78.2057,37.768,1,True
481,2015-05-07-01,-77.264,40.5773,0,True
482,2015-05-07-01,-76.7902,39.0724,1,True
483,2015-05-07-01,-76.7902,39.0724,1,True
484,2015-05-07-01,-74.9384,42.1497,1,True
485,2015-05-07-01,-74.9384,42.1497,1,True
486,2015-05-07-01,-74.9384,42.1497,1,True
487,2015-05-07-01,-74.9384,42.1497,1,True
488,2015-05-07-01,-74.9384,42.1497,1,True
489,2015-05-07-01,-74.9384,42.1497,1,True
490,2015-05-07-01,-74.5089,40.314,1,True
491,2015-05-07-01,-74.5089,40.314,1,True
492,2015-05-07-01,-72.7622,41.5834,0,True
493,2015-05-07-01,-72.7093,44.0407,1,True
494,2015-05-07-01,-71.5314,42.2373,1,True
495,2015-05-07-01,-71.5314,42.2373,1,True
496,2015-05-07-01,-69.3977,44.6074,1,True
497,2015-05-08-01,-111.8535,40.1135,1,True
498,2015-05-08-01,-89.0022,40.3363,0,True
499,2015-05-08-01,-81.717,27.8333,1,True
500,2015-05-08-01,-79.8431,35.6411,0,True
501,2015-05-08-01,-74.9384,42.1497,0,True
502,2015-05-08-01,-72.7093,44.0407,1,True
503,2015-05-08-01,-71.5314,42.2373,1,True
504,2015-05-09-01,-119.7462,36.17,1,True
505,2015-05-09-01,-119.7462,36.17,1,True
506,2015-05-09-01,-82.7755,40.3736,0,True
507,2015-05-09-01,-82.7755,40.3736,1,True
508,2015-05-09-01,-81.717,27.8333,1,True
509,2015-05-09-01,-77.264,40.5773,0,True
510,2015-05-10-01,-98.2883,41.1289,1,True
511,2015-05-10-01,-84.5603,43.3504,1,True
512,2015-05-10-01,-79.8431,35.6411,0,True
513,2015-05-10-01,-78.2057,37.768,0,True
514,2015-05-10-01,-77.264,40.5773,1,True
515,2015-05-10-01,-74.9384,42.1497,0,True
516,2015-05-10-01,-71.5653,43.4108,1,True
517,2015-05-16-01,-105.3272,39.0646,0,True
518,2015-05-16-01,-81.717,27.8333,0,True
519,2015-05-16-01,-80.9066,33.8191,1,True
520,2015-05-16-01,-74.9384,42.1497,1,True
521,2015-05-16-01,-72.7622,41.5834,1,True
522,2015-05-17-01,-122.1269,44.5672,1,True
523,2015-05-18-01,-74.9384,42.1497,1,True
524,2015-05-19-01,-77.0262,38.8964,1,True
525,2015-05-19-01,-74.5089,40.314,0,True
526,2015-05-25-01,-93.214,42.0046,1,True
527,2015-06-03-01,-89.0022,40.3363,1,True
528,2015-06-03-01,-80.9066,33.8191,1,True
529,2015-06-17-01,-84.5603,43.3504,1,True
530,2015-06-17-01,-78.2057,37.768,1,True
531,2015-06-17-01,-77.264,40.5773,1,True
532,2015-06-17-01,-74.9384,42.1497,1,True
533,2015-07-04-01,-71.5314,42.2373,1,True
534,2015-07-07-01,-122.1269,44.5672,1,True
535,2015-07-07-01,-119.7462,36.17,0,True
536,2015-07-07-01,-119.7462,36.17,0,True
537,2015-07-07-01,-119.7462,36.17,1,True
538,2015-07-07-01,-119.7462,36.17,1,True
539,2015-07-07-01,-97.6475,31.105999999999998,1,True
540,2015-07-07-01,-79.8431,35.6411,0,True
541,2015-07-07-01,-74.9384,42.1497,0,True
542,2015-07-07-01,-74.5089,40.314,0,True
543,2015-07-07-01,-74.5089,40.314,1,True
544,2015-07-07-01,-74.5089,40.314,1,True
545,2015-07-07-01,-71.5653,43.4108,1,True
546,2015-07-07-01,-71.5314,42.2373,0,True
547,2015-07-07-01,-71.5314,42.2373,1,True
548,2015-07-08-01,-114.5103,44.2394,0,True
549,2015-07-08-01,-74.9384,42.1497,0,True
550,2015-07-09-01,-83.6487,32.9866,1,True
551,2015-07-13-01,-119.7462,36.17,1,True
552,2015-07-13-01,-97.6475,31.105999999999998,1,True
553,2015-08-01-01,-105.3272,39.0646,0,True
554,2015-08-02-01,-77.264,40.5773,1,True
555,2015-08-02-01,-74.5089,40.314,1,True
556,2015-08-02-01,-71.5314,42.2373,1,True
557,2015-08-03-01,-96.9247,35.5376,1,True
558,2015-08-03-01,-89.6385,44.2563,0,True
559,2015-08-03-01,-74.9384,42.1497,1,True
560,2015-08-04-01,-122.1269,44.5672,1,True
561,2015-08-04-01,-119.7462,36.17,1,True
562,2015-08-04-01,-105.3272,39.0646,1,True
563,2015-08-04-01,-97.6475,31.105999999999998,0,True
564,2015-08-04-01,-97.6475,31.105999999999998,0,True
565,2015-08-04-01,-89.0022,40.3363,1,True
566,2015-08-04-01,-80.9066,33.8191,0,True
567,2015-08-04-01,-78.2057,37.768,1,True
568,2015-08-04-01,-77.0262,38.8964,0,True
569,2015-08-04-01,-76.7902,39.0724,0,True
570,2015-08-04-01,-76.7902,39.0724,1,True
571,2015-08-04-01,-74.5089,40.314,0,True
572,2015-08-04-01,-74.5089,40.314,1,True
573,2015-08-05-01,-74.9384,42.1497,1,True
574,2015-08-06-01,-121.5708,47.3917,1,True
575,2015-08-06-01,-111.8535,40.1135,1,True
576,2015-08-06-01,-105.3272,39.0646,1,True
577,2015-08-06-01,-96.9247,35.5376,0,True
578,2015-08-06-01,-93.9196,45.7326,0,True
579,2015-08-06-01,-89.6812,32.7673,0,True
580,2015-08-06-01,-89.6385,44.2563,0,True
581,2015-08-06-01,-83.6487,32.9866,0,True
582,2015-08-06-01,-74.9384,42.1497,0,True
583,2015-08-06-01,-74.5089,40.314,1,True
584,2015-08-07-01,-152.2683,61.385,1,True
585,2015-08-07-01,-119.7462,36.17,0,True
586,2015-08-07-01,-119.7462,36.17,0,True
587,2015-08-07-01,-119.7462,36.17,0,True
588,2015-08-07-01,-119.7462,36.17,1,True
589,2015-08-07-01,-119.7462,36.17,1,True
590,2015-08-07-01,-119.7462,36.17,1,True
591,2015-08-07-01,-119.7462,36.17,1,True
592,2015-08-07-01,-119.7462,36.17,1,True
593,2015-08-07-01,-117.1219,38.4199,0,True
594,2015-08-07-01,-106.2371,34.8375,1,True
595,2015-08-07-01,-106.2371,34.8375,1,True
596,2015-08-07-01,-106.2371,34.8375,1,True
597,2015-08-07-01,-105.3272,39.0646,1,True
598,2015-08-07-01,-98.2883,41.1289,0,True
599,2015-08-07-01,-97.6475,31.105999999999998,1,True
600,2015-08-07-01,-97.6475,31.105999999999998,1,True
601,2015-08-07-01,-93.9196,45.7326,0,True
602,2015-08-07-01,-89.6385,44.2563,0,True
603,2015-08-07-01,-89.0022,40.3363,0,True
604,2015-08-07-01,-89.0022,40.3363,1,True
605,2015-08-07-01,-86.2604,39.8647,0,True
606,2015-08-07-01,-83.6487,32.9866,1,True
607,2015-08-07-01,-82.7755,40.3736,0,True
608,2015-08-07-01,-81.717,27.8333,0,True
609,2015-08-07-01,-81.717,27.8333,1,True
610,2015-08-07-01,-81.717,27.8333,1,True
611,2015-08-07-01,-80.9066,33.8191,1,True
612,2015-08-07-01,-78.2057,37.768,1,True
613,2015-08-07-01,-78.2057,37.768,1,True
614,2015-08-07-01,-77.264,40.5773,1,True
615,2015-08-07-01,-77.264,40.5773,1,True
616,2015-08-07-01,-77.0262,38.8964,1,True
617,2015-08-07-01,-76.7902,39.0724,0,True
618,2015-08-07-01,-76.7902,39.0724,0,True
619,2015-08-07-01,-76.7902,39.0724,0,True
620,2015-08-07-01,-76.7902,39.0724,1,True
621,2015-08-07-01,-76.7902,39.0724,1,True
622,2015-08-07-01,-74.9384,42.1497,0,True
623,2015-08-07-01,-74.9384,42.1497,0,True
624,2015-08-07-01,-74.9384,42.1497,1,True
625,2015-08-07-01,-74.9384,42.1497,1,True
626,2015-08-07-01,-74.9384,42.1497,1,True
627,2015-08-07-01,-74.9384,42.1497,1,True
628,2015-08-07-01,-74.9384,42.1497,1,True
629,2015-08-07-01,-74.9384,42.1497,1,True
630,2015-08-07-01,-74.5089,40.314,0,True
631,2015-08-07-01,-74.5089,40.314,1,True
632,2015-08-07-01,-72.7622,41.5834,1,True
633,2015-08-07-01,-71.5653,43.4108,1,True
634,2015-08-07-01,-71.5314,42.2373,0,True
635,2015-08-07-01,-71.5314,42.2373,1,True
636,2015-08-07-01,-71.5101,41.6772,0,True
637,2015-08-07-01,-69.3977,44.6074,0,True
638,2015-08-09-01,-111.3877,33.7712,1,True
639,2015-08-09-01,-89.0022,40.3363,0,True
640,2015-08-09-01,-81.717,27.8333,0,True
641,2015-08-09-01,-74.9384,42.1497,0,True
642,2015-08-09-01,-74.5089,40.314,0,True
643,2015-08-10-01,-119.7462,36.17,1,True
644,2015-08-10-01,-114.5103,44.2394,0,True
645,2015-08-10-01,-77.0262,38.8964,0,True
646,2015-08-10-01,-74.5089,40.314,1,True
647,2015-08-10-01,-72.7622,41.5834,1,True
648,2015-08-10-01,-71.5314,42.2373,1,True
649,2015-08-13-01,-97.6475,31.105999999999998,1,True
650,2015-08-18-01,-97.6475,31.105999999999998,1,True
651,2015-08-18-01,-81.717,27.8333,1,True
652,2015-08-18-01,-74.9384,42.1497,1,True
653,2015-08-19-01,-122.1269,44.5672,0,True
654,2015-08-19-01,-83.6487,32.9866,1,True
655,2015-08-19-01,-81.717,27.8333,1,True
656,2015-08-19-01,-76.7902,39.0724,1,True
657,2015-08-19-01,-74.9384,42.1497,1,True
658,2015-08-20-01,-82.7755,40.3736,1,True
659,2015-08-20-01,-82.7755,40.3736,1,True
660,2015-08-20-01,-71.5314,42.2373,1,True
661,2015-08-21-01,-74.5089,40.314,1,True
662,2015-08-22-01,-119.7462,36.17,1,True
663,2015-08-22-01,-117.1219,38.4199,1,True
664,2015-08-22-01,-77.264,40.5773,0,True
665,2015-08-22-01,-76.7902,39.0724,1,True
666,2015-08-26-01,-74.9384,42.1497,1,True
667,2015-09-01-01,-81.717,27.8333,1,True
668,2015-09-01-01,-74.9384,42.1497,1,True
669,2015-09-02-01,-114.5103,44.2394,1,True
670,2015-09-02-01,-111.8535,40.1135,1,True
671,2015-09-02-01,-111.3877,33.7712,0,True
672,2015-09-02-01,-111.3877,33.7712,0,True
673,2015-09-02-01,-110.3261,46.9048,0,True
674,2015-09-02-01,-97.6475,31.105999999999998,1,True
675,2015-09-02-01,-93.9196,45.7326,0,True
676,2015-09-02-01,-89.0022,40.3363,1,True
677,2015-09-02-01,-81.717,27.8333,1,True
678,2015-09-02-01,-81.717,27.8333,1,True
679,2015-09-02-01,-77.264,40.5773,1,True
680,2015-09-02-01,-76.7902,39.0724,1,True
681,2015-09-02-01,-74.9384,42.1497,0,True
682,2015-09-02-01,-74.9384,42.1497,1,True
683,2015-09-02-01,-72.7622,41.5834,0,True
684,2015-09-03-01,-122.1269,44.5672,1,True
685,2015-09-03-01,-97.6475,31.105999999999998,1,True
686,2015-09-03-01,-93.9196,45.7326,0,True
687,2015-09-03-01,-89.0022,40.3363,1,True
688,2015-09-03-01,-86.8073,32.799,0,True
689,2015-09-03-01,-76.7902,39.0724,1,True
690,2015-09-03-01,-76.7902,39.0724,1,True
691,2015-09-05-01,-74.9384,42.1497,1,True
692,2015-09-06-01,-83.6487,32.9866,1,True
693,2015-09-08-01,-122.1269,44.5672,0,True
694,2015-09-08-01,-122.1269,44.5672,1,True
695,2015-09-08-01,-122.1269,44.5672,1,True
696,2015-09-08-01,-122.1269,44.5672,1,True
697,2015-09-08-01,-121.5708,47.3917,1,True
698,2015-09-08-01,-119.7462,36.17,0,True
699,2015-09-08-01,-119.7462,36.17,0,True
700,2015-09-08-01,-119.7462,36.17,0,True
701,2015-09-08-01,-119.7462,36.17,1,True
702,2015-09-08-01,-119.7462,36.17,1,True
703,2015-09-08-01,-119.7462,36.17,1,True
704,2015-09-08-01,-119.7462,36.17,1,True
705,2015-09-08-01,-119.7462,36.17,1,True
706,2015-09-08-01,-111.3877,33.7712,0,True
707,2015-09-08-01,-105.3272,39.0646,1,True
708,2015-09-08-01,-97.6475,31.105999999999998,0,True
709,2015-09-08-01,-97.6475,31.105999999999998,1,True
710,2015-09-08-01,-97.6475,31.105999999999998,1,True
711,2015-09-08-01,-93.9196,45.7326,1,True
712,2015-09-08-01,-89.0022,40.3363,0,True
713,2015-09-08-01,-84.5603,43.3504,0,True
714,2015-09-08-01,-84.5603,43.3504,1,True
715,2015-09-08-01,-84.5603,43.3504,1,True
716,2015-09-08-01,-84.5603,43.3504,1,True
717,2015-09-08-01,-83.6487,32.9866,1,True
718,2015-09-08-01,-82.7755,40.3736,1,True
719,2015-09-08-01,-81.717,27.8333,1,True
720,2015-09-08-01,-81.717,27.8333,1,True
721,2015-09-08-01,-81.717,27.8333,1,True
722,2015-09-08-01,-81.717,27.8333,1,True
723,2015-09-08-01,-78.2057,37.768,0,True
724,2015-09-08-01,-77.264,40.5773,0,True
725,2015-09-08-01,-77.264,40.5773,0,True
726,2015-09-08-01,-77.264,40.5773,1,True
727,2015-09-08-01,-77.264,40.5773,1,True
728,2015-09-08-01,-76.7902,39.0724,0,True
729,2015-09-08-01,-76.7902,39.0724,1,True
730,2015-09-08-01,-76.7902,39.0724,1,True
731,2015-09-08-01,-75.5148,39.3498,0,True
732,2015-09-08-01,-74.9384,42.1497,0,True
733,2015-09-08-01,-74.9384,42.1497,0,True
734,2015-09-08-01,-74.9384,42.1497,0,True
735,2015-09-08-01,-74.9384,42.1497,0,True
736,2015-09-08-01,-74.9384,42.1497,0,True
737,2015-09-08-01,-74.9384,42.1497,0,True
738,2015-09-08-01,-74.9384,42.1497,0,True
739,2015-09-08-01,-74.9384,42.1497,0,True
740,2015-09-08-01,-74.9384,42.1497,0,True
741,2015-09-08-01,-74.9384,42.1497,0,True
742,2015-09-08-01,-74.9384,42.1497,1,True
743,2015-09-08-01,-74.9384,42.1497,1,True
744,2015-09-08-01,-74.9384,42.1497,1,True
745,2015-09-08-01,-74.9384,42.1497,1,True
746,2015-09-08-01,-74.9384,42.1497,1,True
747,2015-09-08-01,-74.9384,42.1497,1,True
748,2015-09-08-01,-74.5089,40.314,0,True
749,2015-09-08-01,-74.5089,40.314,1,True
750,2015-09-08-01,-74.5089,40.314,1,True
751,2015-09-08-01,-74.5089,40.314,1,True
752,2015-09-08-01,-72.7622,41.5834,1,True
753,2015-09-08-01,-72.7622,41.5834,1,True
754,2015-09-08-01,-72.7093,44.0407,0,True
755,2015-09-08-01,-72.7093,44.0407,1,True
756,2015-09-08-01,-71.5653,43.4108,0,True
757,2015-09-08-01,-71.5314,42.2373,1,True
758,2015-09-08-01,-71.5314,42.2373,1,True
759,2015-09-08-01,-69.3977,44.6074,0,True
760,2015-09-08-01,-69.3977,44.6074,1,True
761,2015-09-10-01,-122.1269,44.5672,0,True
762,2015-09-10-01,-121.5708,47.3917,1,True
763,2015-09-10-01,-121.5708,47.3917,1,True
764,2015-09-10-01,-119.7462,36.17,0,True
765,2015-09-10-01,-119.7462,36.17,0,True
766,2015-09-10-01,-119.7462,36.17,1,True
767,2015-09-10-01,-117.1219,38.4199,1,True
768,2015-09-10-01,-97.6475,31.105999999999998,1,True
769,2015-09-10-01,-93.9196,45.7326,1,True
770,2015-09-10-01,-92.302,38.4623,1,True
771,2015-09-10-01,-89.0022,40.3363,0,True
772,2015-09-10-01,-82.7755,40.3736,0,True
773,2015-09-10-01,-82.7755,40.3736,0,True
774,2015-09-10-01,-81.717,27.8333,0,True
775,2015-09-10-01,-81.717,27.8333,1,True
776,2015-09-10-01,-81.717,27.8333,1,True
777,2015-09-10-01,-81.717,27.8333,1,True
778,2015-09-10-01,-80.9066,33.8191,0,True
779,2015-09-10-01,-80.9066,33.8191,1,True
780,2015-09-10-01,-79.8431,35.6411,0,True
781,2015-09-10-01,-78.2057,37.768,1,True
782,2015-09-10-01,-76.7902,39.0724,1,True
783,2015-09-10-01,-74.9384,42.1497,0,True
784,2015-09-10-01,-74.9384,42.1497,0,True
785,2015-09-10-01,-74.9384,42.1497,1,True
786,2015-09-10-01,-74.9384,42.1497,1,True
787,2015-09-10-01,-74.9384,42.1497,1,True
788,2015-09-10-01,-74.5089,40.314,0,True
789,2015-09-10-01,-74.5089,40.314,0,True
790,2015-09-10-01,-74.5089,40.314,1,True
791,2015-09-10-01,-74.5089,40.314,1,True
792,2015-09-10-01,-74.5089,40.314,1,True
793,2015-09-10-01,-72.7622,41.5834,0,True
794,2015-09-10-01,-72.7093,44.0407,1,True
795,2015-09-10-01,-71.5314,42.2373,1,True
796,2015-09-10-01,-71.5314,42.2373,1,True
797,2015-09-10-01,-71.5314,42.2373,1,True
798,2015-09-10-01,-71.5101,41.6772,1,True
799,2015-09-10-01,-69.3977,44.6074,1,True
800,2015-09-11-01,-74.9384,42.1497,0,True
801,2015-09-11-01,-74.9384,42.1497,1,True
802,2015-09-13-01,-122.1269,44.5672,1,True
803,2015-09-13-01,-122.1269,44.5672,1,True
804,2015-09-13-01,-119.7462,36.17,1,True
805,2015-09-13-01,-110.3261,46.9048,1,True
806,2015-09-13-01,-110.3261,46.9048,1,True
807,2015-09-13-01,-105.3272,39.0646,0,True
808,2015-09-13-01,-92.3809,34.9513,0,True
809,2015-09-13-01,-89.0022,40.3363,0,True
810,2015-09-13-01,-84.6514,37.669000000000004,1,True
811,2015-09-13-01,-84.5603,43.3504,1,True
812,2015-09-13-01,-81.717,27.8333,1,True
813,2015-09-13-01,-77.264,40.5773,1,True
814,2015-09-13-01,-76.7902,39.0724,1,True
815,2015-09-13-01,-74.9384,42.1497,0,True
816,2015-09-13-01,-74.9384,42.1497,0,True
817,2015-09-13-01,-74.9384,42.1497,1,True
818,2015-09-13-01,-74.9384,42.1497,1,True
819,2015-09-13-01,-74.9384,42.1497,1,True
820,2015-09-13-01,-74.5089,40.314,1,True
821,2015-09-13-01,-72.7622,41.5834,1,True
822,2015-09-14-01,-119.7462,36.17,0,True
823,2015-09-14-01,-91.8749,31.1801,1,True
824,2015-09-14-01,-89.0022,40.3363,0,True
825,2015-09-14-01,-89.0022,40.3363,0,True
826,2015-09-14-01,-89.0022,40.3363,1,True
827,2015-09-14-01,-74.9384,42.1497,1,True
828,2015-09-14-01,-74.9384,42.1497,1,True
829,2015-09-14-01,-71.5653,43.4108,0,True
830,2015-09-15-01,-119.7462,36.17,1,True
831,2015-09-15-01,-119.7462,36.17,1,True
832,2015-09-15-01,-117.1219,38.4199,0,True
833,2015-09-15-01,-111.3877,33.7712,1,True
834,2015-09-15-01,-97.6475,31.105999999999998,1,True
835,2015-09-15-01,-97.6475,31.105999999999998,1,True
836,2015-09-15-01,-97.6475,31.105999999999998,1,True
837,2015-09-15-01,-82.7755,40.3736,0,True
838,2015-09-15-01,-76.7902,39.0724,0,True
839,2015-09-15-01,-74.9384,42.1497,1,True
840,2015-09-15-01,-74.5089,40.314,1,True
841,2015-09-15-01,-74.5089,40.314,1,True
842,2015-09-15-01,-74.5089,40.314,1,True
843,2015-09-16-01,-122.1269,44.5672,1,True
844,2015-09-16-01,-119.7462,36.17,0,True
845,2015-09-16-01,-119.7462,36.17,0,True
846,2015-09-16-01,-119.7462,36.17,0,True
847,2015-09-16-01,-119.7462,36.17,1,True
848,2015-09-16-01,-119.7462,36.17,1,True
849,2015-09-16-01,-114.5103,44.2394,0,True
850,2015-09-16-01,-93.9196,45.7326,0,True
851,2015-09-16-01,-89.0022,40.3363,1,True
852,2015-09-16-01,-74.9384,42.1497,1,True
853,2015-09-17-01,-152.2683,61.385,1,True
854,2015-09-17-01,-122.1269,44.5672,1,True
855,2015-09-17-01,-119.7462,36.17,0,True
856,2015-09-17-01,-119.7462,36.17,0,True
857,2015-09-17-01,-119.7462,36.17,1,True
858,2015-09-17-01,-119.7462,36.17,1,True
859,2015-09-17-01,-119.7462,36.17,1,True
860,2015-09-17-01,-117.1219,38.4199,1,True
861,2015-09-17-01,-114.5103,44.2394,0,True
862,2015-09-17-01,-105.3272,39.0646,0,True
863,2015-09-17-01,-97.6475,31.105999999999998,0,True
864,2015-09-17-01,-97.6475,31.105999999999998,0,True
865,2015-09-17-01,-97.6475,31.105999999999998,0,True
866,2015-09-17-01,-97.6475,31.105999999999998,1,True
867,2015-09-17-01,-97.6475,31.105999999999998,1,True
868,2015-09-17-01,-97.6475,31.105999999999998,1,True
869,2015-09-17-01,-93.9196,45.7326,1,True
870,2015-09-17-01,-93.214,42.0046,1,True
871,2015-09-17-01,-89.0022,40.3363,1,True
872,2015-09-17-01,-89.0022,40.3363,1,True
873,2015-09-17-01,-86.2604,39.8647,1,True
874,2015-09-17-01,-84.5603,43.3504,0,True
875,2015-09-17-01,-82.7755,40.3736,0,True
876,2015-09-17-01,-82.7755,40.3736,1,True
877,2015-09-17-01,-81.717,27.8333,0,True
878,2015-09-17-01,-81.717,27.8333,0,True
879,2015-09-17-01,-81.717,27.8333,0,True
880,2015-09-17-01,-81.717,27.8333,1,True
881,2015-09-17-01,-81.717,27.8333,1,True
882,2015-09-17-01,-81.717,27.8333,1,True
883,2015-09-17-01,-81.717,27.8333,1,True
884,2015-09-17-01,-81.717,27.8333,1,True
885,2015-09-17-01,-81.717,27.8333,1,True
886,2015-09-17-01,-78.2057,37.768,0,True
887,2015-09-17-01,-78.2057,37.768,1,True
888,2015-09-17-01,-77.0262,38.8964,1,True
889,2015-09-17-01,-76.7902,39.0724,1,True
890,2015-09-17-01,-74.9384,42.1497,0,True
891,2015-09-17-01,-74.9384,42.1497,0,True
892,2015-09-17-01,-74.9384,42.1497,0,True
893,2015-09-17-01,-74.9384,42.1497,0,True
894,2015-09-17-01,-74.9384,42.1497,0,True
895,2015-09-17-01,-74.9384,42.1497,0,True
896,2015-09-17-01,-74.9384,42.1497,1,True
897,2015-09-17-01,-74.9384,42.1497,1,True
898,2015-09-17-01,-74.9384,42.1497,1,True
899,2015-09-17-01,-74.9384,42.1497,1,True
900,2015-09-17-01,-74.9384,42.1497,1,True
901,2015-09-17-01,-74.9384,42.1497,1,True
902,2015-09-17-01,-74.5089,40.314,0,True
903,2015-09-17-01,-74.5089,40.314,1,True
904,2015-09-17-01,-74.5089,40.314,1,True
905,2015-09-17-01,-72.7622,41.5834,0,True
906,2015-09-17-01,-72.7622,41.5834,1,True
907,2015-09-17-01,-72.7622,41.5834,1,True
908,2015-09-17-01,-71.5314,42.2373,0,True
909,2015-09-17-01,-71.5314,42.2373,0,True
910,2015-09-17-01,-71.5314,42.2373,1,True
911,2015-09-17-01,-71.5314,42.2373,1,True
912,2015-09-17-01,-71.5314,42.2373,1,True
913,2015-09-17-01,-69.3977,44.6074,1,True
914,2015-09-18-01,-119.7462,36.17,1,True
915,2015-09-18-01,-114.5103,44.2394,0,True
916,2015-09-18-01,-111.3877,33.7712,1,True
917,2015-09-18-01,-105.3272,39.0646,1,True
918,2015-09-18-01,-97.6475,31.105999999999998,1,True
919,2015-09-18-01,-97.6475,31.105999999999998,1,True
920,2015-09-18-01,-93.9196,45.7326,0,True
921,2015-09-18-01,-89.6385,44.2563,0,True
922,2015-09-18-01,-89.0022,40.3363,0,True
923,2015-09-18-01,-89.0022,40.3363,0,True
924,2015-09-18-01,-89.0022,40.3363,0,True
925,2015-09-18-01,-81.717,27.8333,1,True
926,2015-09-18-01,-79.8431,35.6411,0,True
927,2015-09-18-01,-76.7902,39.0724,1,True
928,2015-09-18-01,-74.9384,42.1497,1,True
929,2015-09-18-01,-71.5314,42.2373,0,True
930,2015-09-18-01,-71.5314,42.2373,1,True
931,2015-09-19-01,-122.1269,44.5672,1,True
932,2015-09-19-01,-121.5708,47.3917,0,True
933,2015-09-19-01,-121.5708,47.3917,1,True
934,2015-09-19-01,-119.7462,36.17,0,True
935,2015-09-19-01,-119.7462,36.17,0,True
936,2015-09-19-01,-117.1219,38.4199,1,True
937,2015-09-19-01,-114.5103,44.2394,0,True
938,2015-09-19-01,-111.3877,33.7712,1,True
939,2015-09-19-01,-106.2371,34.8375,0,True
940,2015-09-19-01,-106.2371,34.8375,1,True
941,2015-09-19-01,-97.6475,31.105999999999998,1,True
942,2015-09-19-01,-97.6475,31.105999999999998,1,True
943,2015-09-19-01,-93.9196,45.7326,1,True
944,2015-09-19-01,-93.9196,45.7326,1,True
945,2015-09-19-01,-89.6385,44.2563,1,True
946,2015-09-19-01,-89.0022,40.3363,1,True
947,2015-09-19-01,-84.5603,43.3504,0,True
948,2015-09-19-01,-84.5603,43.3504,1,True
949,2015-09-19-01,-82.7755,40.3736,1,True
950,2015-09-19-01,-79.8431,35.6411,1,True
951,2015-09-19-01,-79.8431,35.6411,1,True
952,2015-09-19-01,-78.2057,37.768,1,True
953,2015-09-19-01,-77.0262,38.8964,1,True
954,2015-09-19-01,-77.0262,38.8964,1,True
955,2015-09-19-01,-74.9384,42.1497,0,True
956,2015-09-19-01,-74.9384,42.1497,0,True
957,2015-09-19-01,-74.9384,42.1497,1,True
958,2015-09-19-01,-74.9384,42.1497,1,True
959,2015-09-19-01,-74.9384,42.1497,1,True
960,2015-09-19-01,-74.9384,42.1497,1,True
961,2015-09-19-01,-74.9384,42.1497,1,True
962,2015-09-19-01,-74.5089,40.314,0,True
963,2015-09-19-01,-72.7622,41.5834,0,True
964,2015-09-19-01,-72.7622,41.5834,1,True
965,2015-09-19-01,-72.7093,44.0407,1,True
966,2015-09-19-01,-71.5314,42.2373,0,True
967,2015-09-19-01,-71.5314,42.2373,1,True
968,2015-09-19-01,-71.5314,42.2373,1,True
969,2015-09-19-01,-71.5314,42.2373,1,True
970,2015-09-20-01,-152.2683,61.385,1,True
971,2015-09-20-01,-122.1269,44.5672,0,True
972,2015-09-20-01,-121.5708,47.3917,0,True
973,2015-09-20-01,-119.7462,36.17,0,True
974,2015-09-20-01,-119.7462,36.17,0,True
975,2015-09-20-01,-119.7462,36.17,0,True
976,2015-09-20-01,-119.7462,36.17,1,True
977,2015-09-20-01,-117.1219,38.4199,1,True
978,2015-09-20-01,-106.2371,34.8375,1,True
979,2015-09-20-01,-97.6475,31.105999999999998,1,True
980,2015-09-20-01,-97.6475,31.105999999999998,1,True
981,2015-09-20-01,-96.9247,35.5376,1,True
982,2015-09-20-01,-91.8749,31.1801,0,True
983,2015-09-20-01,-89.0022,40.3363,0,True
984,2015-09-20-01,-89.0022,40.3363,0,True
985,2015-09-20-01,-86.7489,35.7449,1,True
986,2015-09-20-01,-86.2604,39.8647,0,True
987,2015-09-20-01,-84.5603,43.3504,1,True
988,2015-09-20-01,-84.5603,43.3504,1,True
989,2015-09-20-01,-82.7755,40.3736,0,True
990,2015-09-20-01,-81.717,27.8333,0,True
991,2015-09-20-01,-78.2057,37.768,0,True
992,2015-09-20-01,-78.2057,37.768,1,True
993,2015-09-20-01,-76.7902,39.0724,0,True
994,2015-09-20-01,-76.7902,39.0724,1,True
995,2015-09-20-01,-74.9384,42.1497,0,True
996,2015-09-20-01,-74.9384,42.1497,0,True
997,2015-09-20-01,-74.9384,42.1497,0,True
998,2015-09-20-01,-74.9384,42.1497,0,True
999,2015-09-20-01,-74.9384,42.1497,1,True
1000,2015-09-20-01,-74.9384,42.1497,1,True
1001,2015-09-20-01,-74.9384,42.1497,1,True
1002,2015-09-20-01,-74.9384,42.1497,1,True
1003,2015-09-20-01,-74.9384,42.1497,1,True
1004,2015-09-20-01,-74.5089,40.314,0,True
1005,2015-09-20-01,-72.7622,41.5834,0,True
1006,2015-09-20-01,-71.5314,42.2373,1,True
1007,2015-09-20-01,-69.3977,44.6074,0,True
1008,2015-09-21-01,-82.7755,40.3736,0,True
1009,2015-09-22-01,-93.9196,45.7326,1,True
